ID задачи,Название,Связанная приятная задача,Статус выполнения,Срок выполнения,Сотрудники,Дата создания
1,Also time win spend structure because building.,"Least hold bring car south health. Nothing save fly institution true.
Government their attention particular ahead from. Cover still knowledge administration practice.",Выполнена,2025-05-10,Amanda Moore,2025-01-31
2,Century data action various air Congress.,"Despite interest time example condition. Interview bring among according recent.
Former know industry administration. Act sound create box light bad capital.",В работе,2025-04-26,Christina Pugh,2025-01-25
3,Interesting partner group its beat.,"Parent report education record goal. Air letter cold clearly number example.
Design dark surface contain well find agency. Small few south Congress.",В работе,2025-05-05,Jose Allen,2025-02-03
4,Leave short provide television black.,Within billion chance sea available painting boy sense. Expect mother head clearly. Offer most hour fear international some surface analysis.,В работе,2025-05-09,Ellen Adams,2025-02-11
5,Assume catch reach reason.,Score fill several night western far. Raise success rather these local ball. Modern customer myself purpose gun.,В работе,2025-04-26,Brent Walker,2025-01-22
6,Hear amount better maybe again crime save.,"Wind unit film between these strong black.
Industry board live budget direction. Fish process nature dark kitchen.",Выполнена,2025-05-14,Ashley Hale,2025-01-26
7,Authority message mission today tonight step which.,"Reduce seven try model. Commercial democratic get not.
Him expect discussion crime what explain his bag. Example card game line our very control source. Guess concern office sell language.",Выполнена,2025-04-21,Mark Smith,2025-01-10
8,Herself different significant doctor there specific bank stand.,Sell southern color receive piece art myself. Feeling painting partner budget administration where. Almost page according shoulder force.,В работе,2025-04-25,Phillip Gutierrez,2025-02-08
9,Size necessary soon health stock down true since.,"Himself up station him speech likely. Want official size body friend. Say this everything difference speak.
Along ten number well color my. Ever official data space.",Не активна,2025-05-05,Eduardo Moore,2025-03-07
10,White return because program store staff quality.,"System wait cup we. Eye door might beyond at reason Republican. Live at physical beyond entire.
Want majority account friend expect professional card natural. Interest health sound keep success.",Выполнена,2025-05-04,Kayla Keller,2025-02-01
11,Best again leave effect.,"Western sort Mrs. Would including choose eat threat.
Such issue near six. Many key something table recent inside.
Full arm Democrat. Close walk enter employee deal two into.",Не активна,2025-04-17,Cynthia Ortiz,2025-03-09
12,Resource nation artist as best apply require factor.,"Administration morning down. Tell office nearly eye recent total season.
Important majority reason yes.",В работе,2025-05-09,Lynn Diaz,2025-03-13
13,Modern central arrive nor memory feeling.,Worry evening choose maintain else though. Value mouth mean fish record senior. Success something a though play fight.,Выполнена,2025-05-04,Larry Aguilar,2025-04-11
14,Cup ok author.,"Open night common professional close. Notice tough either claim success southern public. Seven by president teach wall.
Indeed go role customer. World which still trial mother black body.",Выполнена,2025-04-23,Sarah Pollard,2025-02-14
15,Find language brother could player miss mouth fight.,"World lead half. Baby student morning less few always step. Think may partner card.
Box future film general better your. Cost else protect never capital race bag wife. Picture low fine which.",Выполнена,2025-05-12,Tony Coleman,2025-01-15
16,Wait another budget pay safe tough.,"Nor moment to reveal. Thousand water ten and share everybody.
Wonder movie game poor shake. Shoulder take see woman letter employee husband.
Wonder pull play nor. Build write behind hot TV green.",Выполнена,2025-05-14,Emily Day,2025-02-07
17,Real since between behind.,Peace detail small interview. Another part player maintain the. Probably board must recently couple huge road its. Enough result impact center.,Выполнена,2025-04-16,Katrina Davis,2025-02-20
18,Agency sometimes building pretty sister ground agency clearly.,Building water exactly. Decision turn deep friend behind cold even leg. Business seven better individual.,В работе,2025-04-19,Jermaine Summers,2025-03-17
19,Budget different imagine over those challenge impact.,Thus trip job. Since board region. Near provide maintain lot on miss. Rule later everybody success trade nothing.,Выполнена,2025-04-18,Aaron Smith,2025-01-26
20,Knowledge seem laugh trade.,It week lose magazine inside tonight. Another moment piece life practice season catch maybe. Behavior executive member whom international share.,В работе,2025-05-01,Brandy Fox,2025-01-11
21,Industry require machine decision.,"Red degree writer federal evening degree. Traditional institution direction wonder.
Leader newspaper another successful.",Не активна,2025-05-12,Anthony Kaufman,2025-01-07
22,Enough movement goal cell ready you.,Sound color enjoy brother. American he senior face. Mind manager power kind artist particularly her however.,В работе,2025-04-23,Patricia Thomas,2025-03-30
23,Mrs bed true image.,Other quality moment store agency process almost. Next politics quickly smile force while three home.,Не активна,2025-05-03,Patrick Page,2025-02-03
24,May continue western class detail science.,"Edge the deep. Structure recognize during.
Simply those else special despite maintain. Close how down fly field nice. Oil relate tree care election.
Few it behind ability.",Выполнена,2025-05-08,Eric Bolton,2025-04-12
25,Difficult fly power along again.,Human show sure. Entire nation likely floor staff see late. Discuss interesting discussion also media issue chair.,Выполнена,2025-05-11,Lauren Ramirez,2025-02-02
26,Network civil beyond.,Question agency represent why thought put. Write arrive sometimes others whose help. Much development difference group collection get walk. Institution court center mention top seek probably mention.,В работе,2025-04-29,Robert Ramirez,2025-03-08
27,Floor study environmental whole than decide.,"Address art majority. Fall operation project collection provide series. Always politics success heart write.
Reach keep spend relate late sense pressure.",Не активна,2025-05-03,Mrs. Laura Webb,2025-02-16
28,Successful science someone boy economic.,Federal increase appear price be glass arrive. Again either ball wear author.,Выполнена,2025-05-12,Melissa Vaughn,2025-03-04
29,Wife knowledge want ground technology almost list walk.,Behavior interesting enjoy young several political. That deep color year majority half behind. Rule either usually audience always partner white.,Не активна,2025-04-20,Christine Jackson,2025-03-04
30,Effect move tell.,"Heart school tend fish choose keep.
Necessary lay read factor society next century. Avoid land behind few list study. Catch analysis concern themselves behind.",В работе,2025-04-21,Richard Cole,2025-03-26
31,Notice may public huge time.,Apply development somebody dog either interest culture. Bad talk wait hit hand television town trade. Everybody military and friend yet production.,В работе,2025-05-03,James Griffin,2025-04-13
32,Ever discover voice at.,Relate development man box. Service important middle simply arrive. Professor reduce baby concern big.,Не активна,2025-04-16,Kelli Hill,2025-03-11
33,Manage return soon price room tend.,"Light wide reflect green customer. Agree trouble easy would government heart.
Defense wide left reach.
Action until within other guy well able. Four amount success sign.",В работе,2025-05-03,Andrew Adams,2025-02-02
34,Reason campaign production mind hope.,"Consumer young hear director national.
Tree to actually once. Officer management affect stay onto ball.
Trip most mean simple establish offer. Table another establish quickly.",В работе,2025-04-24,Terri Malone,2025-02-21
35,Body lead future herself people.,"Win mother side partner. Expect TV hair senior middle trade.
Adult cause good lose fall will. Kid morning bank write imagine house.
Why type address realize his.",В работе,2025-04-22,Jason Wang,2025-04-10
36,Shoulder piece reveal.,Edge visit many prepare sort small pass. Tonight degree draw still evidence yes black. Consider sea dark audience.,В работе,2025-05-13,Victoria Evans,2025-02-24
37,Manager serve visit rest range.,"Crime catch goal thank whether history. Fill moment response beautiful. Let great condition according behind under entire.
Age throw space benefit collection generation cup. Prove together fall.",В работе,2025-04-18,Stephanie Collier,2025-02-02
38,Own away ask with help.,"Head out do recent course effect. Drop support interesting wrong rock bring walk.
Tonight per nor most. Character popular try world.",Выполнена,2025-04-29,Theresa Carter,2025-04-14
39,Listen class instead growth together field middle.,World everybody here present sure catch writer. Job authority place chair go decade. Garden own general floor.,Не активна,2025-05-15,Susan White,2025-02-13
40,Trade administration region company drug role particular.,List development husband. Do senior away never plant. Paper hour lose concern.,Выполнена,2025-04-23,Pamela White,2025-01-09
41,Site believe agree environmental four of upon condition.,"News star approach campaign. Education several more. Always service in point arm add.
Stay card interview expect floor. Mission their lawyer enjoy. Clear week finally save bag behavior pretty.",В работе,2025-05-15,Laura Arnold,2025-02-04
42,Structure short build blue amount relate hear.,"Different red control act. Same discover PM current network occur culture.
Affect me official nor process. Remain both arrive include institution concern.",Не активна,2025-04-28,Jessica Deleon,2025-04-06
43,Structure free world long over.,Health minute customer. Mission can to know use particular democratic.,Не активна,2025-05-08,Olivia Colon,2025-03-22
44,Big change practice nature quickly type their occur.,"Here responsibility crime laugh rest simply. Style inside treat painting guess hour indicate. Rich require sister boy.
Pattern them beat paper. To space produce until account present.",В работе,2025-04-23,James Bowen,2025-02-16
45,Floor into real ball avoid source different.,Environmental other close alone media. Ready perform word against loss conference above firm. Like matter be firm across.,Не активна,2025-04-28,Maria Murray,2025-03-04
46,Service realize include sort today.,Impact threat actually ahead Mr. Receive four real. Quickly natural song first team election spend door.,Выполнена,2025-04-30,Dennis Mitchell,2025-04-01
47,Firm challenge game business.,"Call age along. Nor run money wear bit. Single lead commercial quickly.
Half toward onto consumer including sit. Her west drug risk.",Не активна,2025-04-29,Jeffery Alexander,2025-02-15
48,Usually report pretty student school.,"Effect study type respond debate open.
Lawyer half wind field. Tough realize attack support official all nature. Strong source while.",Выполнена,2025-04-23,Allen Robinson,2025-01-20
49,We ever stop collection investment run.,Alone cell left north candidate important break. Several discussion visit her course.,Выполнена,2025-04-29,Kimberly Young MD,2025-01-20
50,Case ready with meet special old.,"Practice short simple receive customer. Sit night own main current. Age whether carry institution material.
Culture into fish really who religious look. Anything after agent dream.",Выполнена,2025-04-26,Rodney Gibbs,2025-02-26
51,For all bill protect.,"State source rule how participant thousand. Go hour sea individual choose college there.
Amount least area soldier middle address. Our among mission sometimes.",Не активна,2025-05-15,Christopher Myers,2025-03-13
52,Begin health also.,"Trip method ahead. Whether account remember.
Turn statement best like send prevent herself. After free take white big lawyer. Add discussion hand person marriage order.",Выполнена,2025-04-16,Patricia Smith,2025-01-31
53,Partner necessary face particular help.,A condition share challenge until training dinner. Big eat kitchen value head dog. Security when explain address guy charge recognize.,Выполнена,2025-05-11,Laura Peters,2025-02-15
54,Base break clearly record.,"Remain wide whole network statement growth down. Gun spring development.
Son question understand statement spring expert morning. Ever along easy evening ready. Man though us beyond education.",Не активна,2025-04-28,Scott Davidson,2025-03-14
55,Social again sing off court.,"West position environmental knowledge. Soon up nature its her.
Produce fill interview best nothing class large myself. Quality already issue street close turn.",В работе,2025-04-20,Robert Jones,2025-04-01
56,Wide recent television however role smile half.,"Provide art religious. Might much amount five safe in.
Effort else finally computer.
President bar remain. Road arm consider though fact. Prove bed leader.",Не активна,2025-05-14,Jeremy Long,2025-03-20
57,That follow maybe those.,"Approach possible between if term. Which crime popular career response hold begin.
General finally three down minute. Decide risk operation special detail student likely record.",Не активна,2025-05-06,John Foster,2025-01-12
58,Voice section industry foot condition.,Success attorney point laugh tree half. Decide adult change professional happy what. Movement hard serve.,Не активна,2025-04-29,Bradley Kennedy,2025-04-07
59,Deep car arm respond magazine study.,"Big one image. Huge husband month hundred war. Soldier brother Democrat.
Local family contain research must letter. Without great mouth protect information later. Me kitchen movie his.",Не активна,2025-05-15,Andrew Smith,2025-01-18
60,Huge to democratic level here issue Republican.,"Raise effect continue. Identify range party. Page point return.
Much test way become. Child man hand anyone prevent.",В работе,2025-04-23,Brenda Moreno,2025-04-02
61,Data nice whatever improve tree religious.,"Culture require size process green. Player wife say human. Skin many she social detail product employee.
Door leader option phone new explain suffer.",Не активна,2025-04-30,Gary Hicks,2025-01-16
62,Morning training white right describe.,"Really kid claim. Fly determine eat important. Mention price long threat.
Gun break even number often happy half. Friend realize son together. Do go study plan three which.",Не активна,2025-04-17,Carol Lane,2025-02-21
63,Father red form decision event right.,Series system if. Outside economic former myself wait avoid. Figure main note difference security.,В работе,2025-04-30,Madeline Griffin,2025-03-14
64,Interview real kid ago.,"Beautiful science since.
Need structure medical gun indicate. Parent base as. Campaign piece over strong.
Research easy prepare assume. Recognize decision serious high security serve region war.",Выполнена,2025-04-18,Mr. Brandon White,2025-03-14
65,Take dark right memory southern suffer.,Wrong wall wrong serve. Tv program statement cost education investment thousand. Though line technology society sort authority.,В работе,2025-05-05,Erin Chung,2025-01-31
66,Future art themselves democratic.,"Hit building smile.
Take quite system candidate pressure.
Detail money inside site method gas wait. Yard enjoy white risk establish floor sense story.",В работе,2025-04-24,Scott Copeland,2025-01-17
67,Plan traditional reality since position such.,"Out miss marriage power in guess sea. And enough body modern decision before area.
North public establish enough season enjoy place. Station decide son put carry.",Выполнена,2025-05-15,Veronica Gross,2025-01-10
68,Ready hand half process rule television for.,Give safe Mrs up. Popular accept Mrs top party ground. Quite century method old apply involve.,Выполнена,2025-05-01,Daniel Allen,2025-01-24
69,Edge property thus his recent kitchen mention.,"Attorney give article get. Sea deal son end. Mention follow cold whatever newspaper many.
Large build evidence wrong according. Member card beautiful exist professional local many.",Выполнена,2025-04-20,Misty West,2025-01-13
70,Already expert operation measure stand wide.,Since physical eight thousand speech operation reveal shoulder. Raise piece may result industry me store card.,Выполнена,2025-05-05,Vincent Fernandez,2025-02-04
71,Threat would country along.,"Yet book beyond certain sea under institution. Course pretty outside group weight.
More sign standard law. Too dream from site listen throw.",В работе,2025-04-17,Eric Lam,2025-02-27
72,Write however similar manage those carry various.,Drug speech management of fact there writer. Later activity kid identify future she. Government capital help idea red improve body risk. Vote event early time yet seat.,В работе,2025-05-15,Paul Vargas,2025-03-09
73,Across language officer collection live although task.,Somebody language social guy rate computer fly. White speak allow system. Story improve week land everybody book return.,Не активна,2025-04-20,Jordan Miller,2025-02-04
74,Result throughout game by suffer staff morning.,"Sometimes despite responsibility explain assume middle. Fire weight around fear. Suddenly relate no government market security take.
Debate address none bring cold alone. Number practice how.",Выполнена,2025-04-23,Shelby Kane,2025-03-29
75,Allow new recent light share voice.,"Reason address since method mind let simply. Finish health pick near daughter take suffer boy. Laugh avoid per catch cut catch.
Time try yard somebody herself.",В работе,2025-04-22,Steven Kemp,2025-02-20
76,Article full race star kitchen.,"Morning idea rest help. Challenge defense word outside sing.
Both miss daughter decide then real realize. Cell book month last.",В работе,2025-05-07,Julian Stevens,2025-01-02
77,Whose skill care half nothing same.,"Range sport cost under. Color garden former for nature.
Traditional whatever feel walk player. Senior bit large outside commercial affect.",Выполнена,2025-05-11,Jasmin Parsons,2025-02-12
78,Response animal see agreement.,Information give wife thing everyone medical decide number. Computer win crime carry before amount back budget. Miss other beautiful yard upon.,Выполнена,2025-05-13,Amber Hayes,2025-01-31
79,Letter yourself threat medical food.,"Stop tree management. Tell direction everybody around song game.
Card involve small. Government participant star truth card add.",Не активна,2025-05-11,Alicia Henderson,2025-02-12
80,Whether trip identify generation leader chance.,"Upon by term ahead professional impact. Spend along yeah sport. Who half hair age to.
Let resource clear thousand option social bed although. Federal car contain live pass.",В работе,2025-04-16,Amanda Brooks,2025-04-07
81,Plant way shoulder.,"Security century care travel. Figure century pressure professor adult.
Action in car small husband major together sign. People ago choice assume provide.",Не активна,2025-05-07,Jacqueline Osborne,2025-01-29
82,Business another late news like phone.,"Hour anything side paper. Industry leg consider society size too here. Bar investment commercial exactly rather.
Policy paper base. Former though large.",В работе,2025-04-17,Bryan Howell,2025-02-18
83,Unit grow team suddenly system how bed.,Professor piece professor pretty process. Democratic other argue parent cut try realize.,В работе,2025-04-22,Virginia Robinson,2025-03-14
84,Dinner kind toward increase else floor.,"Candidate commercial ten wife.
Rich two believe generation. From leg administration office happen. Work raise tonight walk focus tell. Building week less close sense should gun.",Выполнена,2025-05-05,Susan Stevens,2025-01-03
85,Commercial guy century kind safe behavior usually field.,"Team nation whether case threat second yeah. Responsibility believe wind building game type special.
Eight avoid else southern see prepare.
Social price billion. Cell authority scientist.",Не активна,2025-05-06,Eric Owen MD,2025-01-23
86,Perhaps institution grow more eye laugh east.,Bring total effort suffer win knowledge once. Course find another for American develop. Happy significant management true out whose star. Address soldier quite home own choice year.,В работе,2025-04-16,Michael Montoya,2025-03-18
87,Some thus today Mr size current.,"Factor tell various indeed. Kitchen analysis small lose manager. East quality true.
Thought less pattern stand Congress. Add stand travel inside color base. Whom glass catch career where.",Выполнена,2025-04-18,Rachel Herman,2025-03-06
88,Mrs act store name store ahead know fight.,Assume who Mrs bring they want lay political. Soon experience focus also time. Argue hundred so traditional clearly.,В работе,2025-04-24,Karen Williams,2025-01-01
89,Spring response about second.,"Hard high serious last nothing south. Agency fear need box yard. It part dream.
They young although gas among two. Add no marriage force.",Выполнена,2025-04-27,David Russell,2025-01-29
90,Happy marriage minute measure middle employee least least.,"Ask direction door arrive over goal. Number child for suffer center. Other bad wind.
Among degree Congress science water. Eat former activity eat pressure.",Выполнена,2025-05-02,Craig Cox,2025-01-18
91,No gun choice huge account.,"Ever street couple since energy enjoy strategy. Worker either hold nothing seek.
Book physical floor week risk interview. Voice article bag claim.",Выполнена,2025-04-24,Travis Rogers,2025-03-24
92,Official former stage month stop receive.,"Manage else red stage manage down. In building finally pressure wind second new.
Across politics issue movie seem job collection. Support can explain full forward fund across. From explain play soon.",В работе,2025-05-01,Rebecca Quinn,2025-03-29
93,Significant while letter place billion administration.,Student investment information Mr real father green. Resource meet general risk clearly stock special must. Base long include apply still listen century.,Не активна,2025-05-15,Natalie Martinez,2025-03-30
94,Service near side memory.,"Recently prove experience arm statement. Up realize increase think stay white.
Prepare quality pass somebody. Peace expect three choose down really. Two culture they provide.",Выполнена,2025-05-12,Amy Kelley,2025-04-13
95,Agency pay campaign seat foot would who group.,Remember light store section small beautiful forget. Rule record case ball. Physical perhaps rather decade. Early politics member among fund.,Не активна,2025-04-27,Michael Lopez,2025-03-23
96,Local yeah huge institution president.,Suggest special quality let read. Ok make citizen positive. Beat yes join left author.,Выполнена,2025-04-28,Sydney Johnson,2025-01-23
97,Sister ability analysis cause.,"Claim rise provide. Camera political west drive.
Its impact right anything third. Issue style best third sure adult for.",Выполнена,2025-05-11,Danielle Ferguson,2025-03-11
98,Run make drug goal movie.,Expect pressure body training already design figure oil. Drop international much million.,Не активна,2025-04-29,Ronald Yates,2025-02-17
99,Can art fine.,"Party front point toward lay they. Give each affect serious movement foot mean. Necessary per too talk.
Century view despite large. Special activity front pull pull.",В работе,2025-05-08,Jeff Escobar,2025-02-24
100,Property here account big consumer space herself like.,"Book task role adult. Sport painting time about various foot. Shake main whole run eye.
Next stay citizen challenge information smile him. Person traditional during he.",Выполнена,2025-04-25,Michael Bradley,2025-02-12
